{"file_version":"3","resolver":{"hosts":[{"port":"80","domain":"rs-aws.easemob.com","ip":"120.26.17.225"},{"port":"80","domain":"rs-aws.easemob.com","ip":"120.26.15.207"}]},"rest":{"hosts":[{"protocol":"http","port":"80","domain":"a1-pro4.easemob.com","ip":"a1-pro4.easemob.com"},{"protocol":"https","port":"443","domain":"a1-pro4.easemob.com","ip":"a1-pro4.easemob.com"}]},"valid_before":"1469300400","im":{"hosts":[{"port":"443","domain":"im1-pro4.easemob.com","ip":"im1-pro4.easemob.com"},{"port":"5222","domain":"im1-pro4.easemob.com","ip":"im1-pro4.easemob.com"}]},"deploy_name":"easemob","msync-im":{"hosts":[{"port":"443","domain":"pro4-aws-ca-slb-msync-228569068.us-west-1.elb.amazonaws.com","ip":"pro4-aws-ca-slb-msync-228569068.us-west-1.elb.amazonaws.com"}]},"gcm_enabled":"true"}